"Delineation","Year","LM.Code","No.Metros.Split","Has.Core","Min.Core","Mean.Core","Min.From.Core","Mean.From.Core","Min.Wage.Corr","Mean.Wage.Corr","Min.Contain","Mean.Contain","Min.Core.Connect","Mean.Core.Connect","Mean.Work.Contain"
"CZ20",2020,1,0,1,0.15,0.6,0.04,0.5,0.91,0.95,0.77,0.9,0.19,1.11,0.88
"CZ20",2020,2,0,1,0.01,0.43,0,0.44,0.98,0.98,0.72,0.85,0.01,0.87,0.89
"CZ20",2020,3,0,1,0.02,0.46,0,0.39,0.85,0.93,0.71,0.85,0.02,0.86,0.9
"CZ20",2020,4,1,1,0.07,0.38,0.02,0.26,0.92,0.97,0.64,0.84,0.09,0.64,0.89
"CZ20",2020,5,1,1,0.23,0.65,0.08,0.48,0.98,0.99,0.77,0.88,0.35,1.13,0.89
"CZ20",2020,6,1,1,0,0.34,0,0.3,0.86,0.93,0.49,0.77,0,0.64,0.87
"CZ20",2020,7,1,1,0.05,0.62,0.01,0.47,0.8,0.94,0.51,0.86,0.06,1.09,0.88
"CZ20",2020,8,0,1,0.16,0.68,0.18,0.76,0.98,0.99,0.6,0.77,0.34,1.44,0.91
"CZ20",2020,9,0,1,0,0.24,0,0.16,-0.71,0.55,0.68,0.8,0.01,0.39,0.84
"CZ20",2020,10,0,1,0.18,0.64,0.05,0.5,0.97,0.98,0.79,0.93,0.23,1.15,0.93
"CZ20",2020,11,0,1,0.01,0.25,0.01,0.22,0.99,0.99,0.8,0.82,0.02,0.47,0.85
"CZ20",2020,12,0,0,0,0,0,0,0.98,0.98,0.67,0.7,0,0,0.85
"CZ20",2020,13,0,0,0,0,0,0,1,1,0.99,0.99,0,0,0.95
"CZ20",2020,14,0,0,0,0,0,0,1,1,1,1,0,0,0.86
"CZ20",2020,15,0,1,0,0.25,0.01,0.22,0.98,0.99,0.98,0.99,0.03,0.47,0.91
"CZ20",2020,16,0,0,0,0,0,0,1,1,1,1,0,0,0.93
"CZ20",2020,17,0,0,0,0,0,0,1,1,0.93,0.97,0,0,0.87
"CZ20",2020,18,0,1,0,0.25,0.04,0.31,0.89,0.91,0.97,0.98,0.07,0.56,0.93
"CZ20",2020,19,0,0,0,0,0,0,1,1,0.99,0.99,0,0,0.93
"CZ20",2020,20,0,0,0,0,0,0,1,1,0.99,0.99,0,0,0.96
"CZ20",2020,21,0,1,0.03,0.51,0.02,0.49,0.98,0.98,0.96,0.98,0.05,1,0.96
"CZ20",2020,22,0,1,0.99,0.99,0.97,0.97,1,1,0.99,0.99,1.96,1.96,0.97
"CZ20",2020,23,0,0,0,0,0,0,1,1,0.99,0.99,0,0,0.96
"CZ20",2020,24,0,0,0,0,0,0,1,1,1,1,0,0,0.96
"CZ20",2020,25,0,0,0,0,0,0,1,1,0.97,0.97,0,0,0.8
"CZ20",2020,26,0,0,0,0,0,0,1,1,1,1,0,0,0.97
"CZ20",2020,27,0,0,0,0,0,0,1,1,0.99,0.99,0,0,0.91
"CZ20",2020,28,0,0,0,0,0,0,0.89,0.89,0.97,0.98,0,0,0.96
"CZ20",2020,29,0,0,0,0,0,0,1,1,0.96,0.96,0,0,0.96
"CZ20",2020,30,0,0,0,0,0,0,1,1,0.97,0.97,0,0,0.97
"CZ20",2020,31,0,0,0,0,0,0,1,1,0.99,0.99,0,0,0.98
"CZ20",2020,32,0,1,0.15,0.71,0.14,0.71,0.95,0.97,0.89,0.92,0.29,1.42,0.94
"CZ20",2020,33,0,1,0.97,0.98,0.98,0.98,0.95,0.97,0.97,0.98,1.95,1.96,0.99
"CZ20",2020,34,0,1,0.05,0.65,0.11,0.68,0.99,1,0.95,0.96,0.16,1.32,0.94
"CZ20",2020,35,0,1,0.93,0.96,0.94,0.97,0.99,1,0.93,0.96,1.87,1.92,0.97
"CZ20",2020,36,0,1,0.03,0.47,0.01,0.52,0.74,0.88,0.92,0.95,0.04,0.98,0.92
"CZ20",2020,37,0,1,0.08,0.83,0.18,0.87,0.95,0.98,0.86,0.96,0.26,1.7,0.98
"CZ20",2020,38,0,1,0.92,0.94,0.97,0.98,1,1,0.92,0.94,1.89,1.92,0.97
"CZ20",2020,39,0,1,0,0.3,0,0.28,0.86,0.94,0.69,0.85,0,0.58,0.89
"CZ20",2020,40,0,1,0,0.19,0,0.12,0.7,0.91,0.77,0.9,0,0.3,0.92
"CZ20",2020,41,0,1,0.22,0.45,0,0.33,1,1,0.72,0.83,0.25,0.78,0.87
"CZ20",2020,42,0,1,0.19,0.64,0.08,0.52,0.96,0.97,0.75,0.91,0.27,1.16,0.92
"CZ20",2020,43,0,1,0.03,0.44,0.06,0.32,0.98,0.98,0.86,0.89,0.09,0.77,0.91
"CZ20",2020,44,0,1,0.11,0.54,0.1,0.57,0.98,0.99,0.76,0.88,0.21,1.1,0.87
"CZ20",2020,45,0,1,0.03,0.5,0.1,0.49,0.96,0.98,0.77,0.86,0.15,0.99,0.9
"CZ20",2020,46,0,1,0.09,0.44,0.04,0.37,0.99,0.99,0.84,0.9,0.13,0.81,0.94
"CZ20",2020,47,0,0,0,0,0,0,0.87,0.9,0.7,0.71,0,0,0.87
"CZ20",2020,48,0,1,0.17,0.46,0.11,0.46,0.65,0.65,0.68,0.73,0.28,0.92,0.83
"CZ20",2020,49,0,1,0.08,0.56,0.02,0.4,0.95,0.97,0.87,0.93,0.1,0.96,0.89
"CZ20",2020,50,0,1,0.13,0.44,0.04,0.35,0.89,0.95,0.85,0.9,0.17,0.79,0.92
"CZ20",2020,51,0,1,0.27,0.63,0.03,0.4,0.43,0.83,0.71,0.93,0.3,1.03,0.87
"CZ20",2020,52,0,1,0.01,0.25,0,0.17,0.8,0.89,0.63,0.82,0.01,0.42,0.92
"CZ20",2020,53,0,1,0.07,0.3,0.07,0.34,0.99,0.99,0.75,0.8,0.14,0.64,0.86
"CZ20",2020,54,0,1,0.12,0.43,0.08,0.33,0.96,0.97,0.9,0.91,0.2,0.77,0.91
"CZ20",2020,55,0,1,0.21,0.51,0.08,0.37,0.55,0.85,0.74,0.87,0.32,0.88,0.89
"CZ20",2020,56,0,1,0.26,0.64,0.16,0.57,0.79,0.85,0.8,0.87,0.42,1.21,0.82
"CZ20",2020,57,0,0,0,0,0,0,0.92,0.95,0.76,0.84,0,0,0.9
"CZ20",2020,58,0,1,0.36,0.84,0.17,0.78,0.99,0.99,0.84,0.94,0.53,1.61,0.92
"CZ20",2020,59,1,1,0.22,0.63,0.49,0.76,0.98,0.99,0.63,0.8,0.71,1.39,0.85
"CZ20",2020,60,0,1,0.04,0.62,0.04,0.64,0.99,0.99,0.76,0.85,0.08,1.26,0.94
"CZ20",2020,61,0,1,0.06,0.62,0.09,0.63,0.96,0.98,0.93,0.95,0.15,1.25,0.96
"CZ20",2020,62,1,1,0.07,0.68,0.15,0.73,0.97,0.98,0.89,0.92,0.22,1.42,0.93
"CZ20",2020,63,0,1,0.96,0.96,0.94,0.95,1,1,0.96,0.96,1.9,1.92,0.95
"CZ20",2020,64,0,1,0.08,0.77,0.15,0.81,0.99,1,0.85,0.92,0.23,1.57,0.96
"CZ20",2020,65,0,1,0.98,0.98,0.98,0.98,1,1,0.98,0.98,1.96,1.96,0.98
"CZ20",2020,66,0,1,0,0.32,0,0.32,0.86,0.9,0.94,0.96,0,0.64,0.94
"CZ20",2020,67,0,1,0.82,0.88,0.95,0.96,1,1,0.82,0.88,1.78,1.83,0.95
"CZ20",2020,68,0,1,0.01,0.32,0,0.28,0.97,0.97,0.76,0.87,0.01,0.59,0.87
"CZ20",2020,69,0,1,0.01,0.33,0.02,0.33,1,1,0.92,0.94,0.03,0.66,0.95
"CZ20",2020,70,0,1,0.52,0.83,0.19,0.73,0.96,0.97,0.88,0.95,0.71,1.56,0.92
"CZ20",2020,71,0,1,0.96,0.96,0.92,0.94,1,1,0.96,0.96,1.89,1.91,0.94
"CZ20",2020,72,0,1,0.38,0.79,0.13,0.7,0.71,0.91,0.84,0.95,0.53,1.49,0.95
"CZ20",2020,73,0,0,0,0,0,0,0.91,0.96,0.92,0.96,0,0,0.97
"CZ20",2020,74,0,1,0.08,0.44,0,0.4,0.92,0.96,0.88,0.95,0.11,0.83,0.95
"CZ20",2020,75,0,0,0,0,0,0,0.97,0.98,0.81,0.9,0,0,0.92
"CZ20",2020,76,0,0,0,0,0,0,1,1,0.93,0.93,0,0,0.91
"CZ20",2020,77,0,0,0,0,0,0,0.3,0.53,0.8,0.89,0,0,0.85
"CZ20",2020,78,0,1,0.04,0.45,0.03,0.43,0.88,0.97,0.91,0.95,0.09,0.88,0.94
"CZ20",2020,79,0,1,0.01,0.43,0.11,0.45,0.96,0.98,0.93,0.96,0.14,0.88,0.98
"CZ20",2020,80,0,1,0,0.54,0.03,0.57,0.91,0.95,0.9,0.96,0.28,1.1,0.9
"CZ20",2020,81,0,1,0,0.32,0,0.34,0.86,0.9,0.9,0.92,0,0.65,0.95
"CZ20",2020,82,0,0,0,0,0,0,1,1,0.92,0.93,0,0,0.95
"CZ20",2020,83,0,0,0,0,0,0,0.98,0.98,0.92,0.92,0,0,0.92
"CZ20",2020,84,0,1,0.74,0.86,0.84,0.9,0.98,0.98,0.74,0.86,1.58,1.76,0.9
"CZ20",2020,85,0,1,0,0.26,0.01,0.26,0.89,0.94,0.87,0.91,0.01,0.52,0.94
"CZ20",2020,86,0,1,0.02,0.64,0.12,0.68,0.94,0.95,0.94,0.97,0.14,1.32,0.94
"CZ20",2020,87,0,0,0,0,0,0,-0.2,0.33,0.86,0.9,0,0,0.89
"CZ20",2020,88,0,0,0,0,0,0,0.98,0.99,0.79,0.92,0,0,0.95
"CZ20",2020,89,1,1,0.12,0.59,0.22,0.63,0.96,0.98,0.59,0.87,0.34,1.22,0.95
"CZ20",2020,90,1,1,0.75,0.9,0.87,0.9,0.98,0.99,0.75,0.9,1.62,1.81,0.9
"CZ20",2020,91,1,1,0.43,0.84,0.12,0.7,0.24,0.87,0.81,0.91,0.55,1.54,0.85
"CZ20",2020,92,0,1,0.01,0.34,0,0.22,0.86,0.94,0.77,0.89,0.01,0.56,0.92
"CZ20",2020,93,0,1,0.04,0.51,0.09,0.45,0.94,0.97,0.62,0.88,0.13,0.96,0.93
"CZ20",2020,94,0,1,0.02,0.23,0,0.16,0.9,0.95,0.67,0.85,0.03,0.39,0.92
"CZ20",2020,95,1,1,0.89,0.94,0.9,0.96,0.99,0.99,0.89,0.94,1.79,1.9,0.96
"CZ20",2020,96,1,1,0.93,0.97,0.93,0.96,1,1,0.93,0.97,1.86,1.93,0.97
"CZ20",2020,97,0,1,0.86,0.92,0.88,0.93,0.99,0.99,0.86,0.92,1.8,1.85,0.93
"CZ20",2020,98,0,1,0.34,0.74,0.18,0.65,0.99,0.99,0.9,0.94,0.52,1.39,0.92
"CZ20",2020,99,0,1,0,0.7,0.24,0.71,0.71,0.88,0.63,0.86,0.24,1.4,0.9
"CZ20",2020,100,0,1,0.91,0.95,0.88,0.95,0.99,1,0.91,0.95,1.79,1.9,0.95
"CZ20",2020,101,0,1,0.8,0.8,0.93,0.94,1,1,0.8,0.8,1.73,1.73,0.94
"CZ20",2020,102,0,0,0,0,0,0,1,1,0.85,0.85,0,0,0.91
"CZ20",2020,103,0,1,0.21,0.56,0.13,0.38,0.93,0.97,0.81,0.91,0.34,0.94,0.9
"CZ20",2020,104,0,1,0.78,0.86,0.88,0.93,1,1,0.78,0.86,1.66,1.79,0.93
"CZ20",2020,105,0,1,0.3,0.79,0.14,0.74,0.99,0.99,0.92,0.95,0.44,1.53,0.97
"CZ20",2020,106,0,1,0.03,0.27,0.01,0.22,0.69,0.86,0.81,0.85,0.04,0.49,0.85
"CZ20",2020,107,0,1,0.24,0.54,0.03,0.43,0.93,0.96,0.76,0.85,0.27,0.97,0.89
"CZ20",2020,108,1,1,0,0.14,0,0.17,-0.27,0.66,0.63,0.77,0,0.31,0.8
"CZ20",2020,109,1,1,0.27,0.59,0.14,0.55,0.85,0.95,0.64,0.82,0.41,1.14,0.88
"CZ20",2020,110,1,1,0.11,0.72,0.15,0.73,0.83,0.9,0.69,0.84,0.26,1.46,0.85
"CZ20",2020,111,0,1,0.15,0.55,0.1,0.38,0.95,0.97,0.76,0.86,0.33,0.93,0.83
"CZ20",2020,112,0,1,0.09,0.39,0.02,0.19,0.82,0.91,0.74,0.85,0.11,0.58,0.91
"CZ20",2020,113,0,1,0.13,0.49,0,0.29,0.61,0.83,0.73,0.87,0.13,0.78,0.87
"CZ20",2020,114,0,1,0.41,0.63,0.06,0.35,0.91,0.94,0.84,0.88,0.52,0.98,0.88
"CZ20",2020,115,0,1,0.09,0.56,0.04,0.41,0.62,0.87,0.78,0.92,0.13,0.97,0.92
"CZ20",2020,116,1,1,0.06,0.38,0,0.25,0.91,0.96,0.82,0.89,0.07,0.63,0.89
"CZ20",2020,117,1,1,0.42,0.79,0.08,0.68,0.96,0.97,0.83,0.9,0.52,1.47,0.86
"CZ20",2020,118,0,1,0.36,0.67,0.05,0.51,0.78,0.94,0.74,0.89,0.43,1.18,0.89
"CZ20",2020,119,1,1,0.02,0.19,0,0.22,0.96,0.97,0.48,0.72,0.02,0.41,0.86
"CZ20",2020,120,0,1,0.05,0.41,0.01,0.23,0.91,0.94,0.67,0.82,0.06,0.64,0.86
"CZ20",2020,121,0,1,0.06,0.42,0.03,0.28,0.52,0.76,0.68,0.78,0.09,0.7,0.83
"CZ20",2020,122,1,1,0.06,0.31,0.02,0.29,0.68,0.86,0.45,0.69,0.08,0.6,0.77
"CZ20",2020,123,1,1,0.01,0.32,0,0.34,0.94,0.97,0.76,0.9,0.01,0.66,0.92
"CZ20",2020,124,0,0,0,0,0,0,0.98,0.98,0.83,0.86,0,0,0.91
"CZ20",2020,125,0,1,0.99,0.99,0.99,0.99,1,1,0.99,0.99,1.98,1.98,0.99
"CZ20",2020,126,0,1,0.99,0.99,0.99,0.99,1,1,0.99,0.99,1.98,1.98,0.99
"CZ20",2020,127,0,1,0.81,0.9,0.04,0.51,1,1,0.99,1,0.85,1.41,0.99
"CZ20",2020,128,0,1,0.99,0.99,0.99,0.99,1,1,0.99,0.99,1.98,1.98,0.99
"CZ20",2020,129,0,1,0.22,0.59,0.08,0.47,0.9,0.95,0.96,0.98,0.32,1.06,0.99
"CZ20",2020,130,0,0,0,0,0,0,1,1,0.91,0.94,0,0,0.89
"CZ20",2020,131,0,1,0.08,0.55,0.17,0.58,0.74,0.93,0.94,0.97,0.26,1.14,0.97
"CZ20",2020,132,0,1,0,0.22,0,0.2,0.96,0.97,0.84,0.89,0,0.42,0.89
"CZ20",2020,133,0,1,0.12,0.36,0.09,0.39,0.46,0.64,0.82,0.89,0.21,0.75,0.92
"CZ20",2020,134,0,1,0.14,0.53,0.07,0.4,0.56,0.84,0.96,0.98,0.33,0.93,0.98
"CZ20",2020,135,0,1,0.01,0.34,0,0.29,0.87,0.95,0.88,0.94,0.01,0.62,0.95
"CZ20",2020,136,0,1,0.33,0.53,0.24,0.45,0.99,0.99,0.93,0.94,0.57,0.98,0.94
"CZ20",2020,137,0,1,0.03,0.57,0.01,0.52,0.96,0.98,0.94,0.97,0.04,1.08,0.98
"CZ20",2020,138,0,0,0,0,0,0,0.98,0.98,0.89,0.91,0,0,0.95
"CZ20",2020,139,1,1,0.3,0.59,0.03,0.48,1,1,0.73,0.89,0.33,1.06,0.93
"CZ20",2020,140,0,1,0.09,0.46,0.02,0.26,0.31,0.53,0.93,0.95,0.11,0.72,0.9
"CZ20",2020,141,0,1,0.06,0.42,0.03,0.32,0.85,0.92,0.79,0.9,0.09,0.75,0.86
"CZ20",2020,142,1,1,0.02,0.31,0.02,0.26,-0.41,0.61,0.58,0.82,0.04,0.57,0.89
"CZ20",2020,143,1,1,0.02,0.23,0.01,0.15,0.92,0.94,0.62,0.75,0.03,0.38,0.89
"CZ20",2020,144,0,1,0.26,0.75,0.16,0.8,0.61,0.84,0.74,0.84,0.42,1.55,0.91
"CZ20",2020,145,1,1,0.24,0.7,0.05,0.63,-0.4,0.59,0.75,0.89,0.29,1.32,0.92
"CZ20",2020,146,0,1,0.14,0.54,0.03,0.38,0.85,0.95,0.71,0.86,0.21,0.92,0.9
"CZ20",2020,147,0,1,0.31,0.62,0.11,0.5,0.94,0.95,0.78,0.88,0.46,1.11,0.85
"CZ20",2020,148,0,1,0.06,0.54,0.05,0.43,0.87,0.95,0.74,0.88,0.21,0.97,0.9
"CZ20",2020,149,1,1,0.02,0.34,0.05,0.28,0.87,0.91,0.69,0.84,0.12,0.62,0.89
"CZ20",2020,150,0,0,0,0,0,0,0.68,0.75,0.69,0.76,0,0,0.86
"CZ20",2020,151,1,1,0.09,0.42,0.04,0.36,0.43,0.75,0.58,0.76,0.22,0.78,0.8
"CZ20",2020,152,1,1,0.32,0.78,0.12,0.73,0.92,0.97,0.73,0.94,0.44,1.5,0.93
"CZ20",2020,153,0,1,0.02,0.33,0.01,0.27,0.96,0.97,0.8,0.83,0.03,0.6,0.81
"CZ20",2020,154,0,0,0,0,0,0,-0.03,0.06,0.46,0.66,0,0,0.84
"CZ20",2020,155,0,1,0.12,0.49,0.05,0.32,0.82,0.92,0.77,0.86,0.28,0.81,0.88
"CZ20",2020,156,1,1,0.03,0.54,0.02,0.42,0.97,0.98,0.62,0.88,0.05,0.95,0.92
"CZ20",2020,157,0,1,0.2,0.48,0.06,0.44,0.99,0.99,0.76,0.78,0.26,0.91,0.88
"CZ20",2020,158,0,1,0.15,0.47,0.06,0.37,0.98,0.99,0.77,0.86,0.21,0.84,0.87
"CZ20",2020,159,0,1,0.31,0.59,0.08,0.46,0.02,0.54,0.82,0.93,0.43,1.05,0.92
"CZ20",2020,160,1,1,0.06,0.62,0.01,0.48,0.04,0.83,0.86,0.94,0.07,1.1,0.93
"CZ20",2020,161,0,1,0.23,0.58,0.09,0.45,0.94,0.96,0.79,0.88,0.32,1.03,0.88
"CZ20",2020,162,1,1,0.08,0.51,0.02,0.41,0.68,0.9,0.8,0.91,0.1,0.92,0.87
"CZ20",2020,163,0,1,0.17,0.78,0.06,0.76,0.96,0.98,0.73,0.89,0.23,1.54,0.9
"CZ20",2020,164,1,1,0.2,0.72,0.05,0.63,0.91,0.93,0.57,0.82,0.25,1.35,0.83
"CZ20",2020,165,0,1,0.09,0.42,0.07,0.39,0.91,0.93,0.68,0.78,0.16,0.81,0.86
"CZ20",2020,166,1,1,0.24,0.74,0.13,0.67,0.63,0.88,0.85,0.92,0.37,1.41,0.9
"CZ20",2020,167,0,1,0.03,0.45,0.12,0.59,0.99,1,0.58,0.65,0.15,1.04,0.8
"CZ20",2020,168,0,1,0.23,0.68,0.01,0.47,0.43,0.88,0.72,0.92,0.24,1.15,0.9
"CZ20",2020,169,1,1,0,0.17,0,0.16,0.56,0.79,0.44,0.68,0,0.33,0.81
"CZ20",2020,170,1,1,0.06,0.28,0.04,0.23,0.95,0.96,0.59,0.68,0.13,0.51,0.79
"CZ20",2020,171,0,1,0.29,0.76,0.1,0.69,0.76,0.89,0.69,0.89,0.39,1.45,0.87
"CZ20",2020,172,1,1,0.27,0.59,0.21,0.62,0.96,0.97,0.6,0.71,0.48,1.21,0.86
"CZ20",2020,173,0,1,0.07,0.41,0.06,0.4,0.83,0.92,0.66,0.81,0.18,0.8,0.89
"CZ20",2020,174,1,1,0.24,0.6,0.06,0.57,0.98,0.99,0.74,0.84,0.3,1.17,0.88
"CZ20",2020,175,0,1,0.05,0.46,0.02,0.28,0.97,0.98,0.85,0.91,0.07,0.74,0.91
"CZ20",2020,176,0,0,0,0,0,0,0.35,0.79,0.64,0.86,0,0,0.9
"CZ20",2020,177,0,1,0,0.2,0,0.24,0.99,0.99,0.72,0.78,0,0.44,0.9
"CZ20",2020,178,0,1,0.07,0.5,0.03,0.43,0.88,0.94,0.71,0.88,0.1,0.93,0.91
"CZ20",2020,179,0,0,0,0,0,0,0.98,0.99,0.82,0.84,0,0,0.86
"CZ20",2020,180,0,1,0.29,0.55,0.08,0.39,0.96,0.98,0.83,0.92,0.4,0.94,0.91
"CZ20",2020,181,0,1,0.04,0.39,0.01,0.27,0.95,0.98,0.84,0.88,0.05,0.66,0.92
"CZ20",2020,182,0,1,0.13,0.45,0.04,0.36,0.96,0.98,0.78,0.84,0.19,0.81,0.83
"CZ20",2020,183,0,1,0.02,0.24,0.02,0.2,0.76,0.89,0.76,0.86,0.04,0.44,0.87
"CZ20",2020,184,0,1,0,0.31,0.01,0.23,0.9,0.93,0.81,0.87,0.01,0.54,0.86
"CZ20",2020,185,0,1,0.09,0.39,0.04,0.34,0.86,0.92,0.78,0.89,0.13,0.73,0.91
"CZ20",2020,186,0,0,0,0,0,0,0.98,0.99,0.74,0.83,0,0,0.85
"CZ20",2020,187,0,0,0,0,0,0,0.96,0.97,0.71,0.79,0,0,0.84
"CZ20",2020,188,0,1,0.09,0.5,0.05,0.45,0.96,0.98,0.84,0.89,0.14,0.95,0.91
"CZ20",2020,189,0,0,0,0,0,0,0.99,0.99,0.79,0.81,0,0,0.81
"CZ20",2020,190,1,1,0.1,0.58,0.07,0.44,0.77,0.93,0.81,0.92,0.18,1.02,0.93
"CZ20",2020,191,0,0,0,0,0,0,0.9,0.95,0.8,0.86,0,0,0.88
"CZ20",2020,192,1,1,0.13,0.53,0.09,0.51,0.76,0.89,0.83,0.9,0.25,1.04,0.89
"CZ20",2020,193,0,1,0.01,0.23,0,0.21,0.98,0.99,0.77,0.86,0.01,0.44,0.87
"CZ20",2020,194,1,1,0.2,0.66,0.05,0.5,0.87,0.96,0.79,0.94,0.27,1.16,0.92
"CZ20",2020,195,1,1,0.04,0.41,0.03,0.26,0.74,0.88,0.51,0.78,0.07,0.67,0.84
"CZ20",2020,196,0,0,0,0,0,0,0.3,0.63,0.81,0.88,0,0,0.9
"CZ20",2020,197,0,1,0.09,0.38,0.06,0.36,0.96,0.97,0.83,0.91,0.2,0.74,0.93
"CZ20",2020,198,0,1,0.05,0.45,0.07,0.38,0.86,0.94,0.86,0.9,0.13,0.83,0.9
"CZ20",2020,199,0,0,0,0,0,0,0.88,0.92,0.79,0.86,0,0,0.86
"CZ20",2020,200,1,1,0.09,0.52,0.04,0.4,0.84,0.92,0.9,0.96,0.13,0.92,0.94
"CZ20",2020,201,0,1,0.1,0.35,0.02,0.28,0.78,0.85,0.75,0.84,0.12,0.62,0.89
"CZ20",2020,202,0,1,0.07,0.4,0,0.33,0.61,0.85,0.79,0.84,0.07,0.73,0.9
"CZ20",2020,203,0,0,0,0,0,0,0.93,0.93,0.88,0.88,0,0,0.92
"CZ20",2020,204,0,1,0.14,0.34,0,0.24,0.58,0.77,0.86,0.93,0.17,0.58,0.9
"CZ20",2020,205,0,1,0.03,0.23,0.01,0.24,0.95,0.97,0.83,0.91,0.06,0.47,0.89
"CZ20",2020,206,0,0,0,0,0,0,0.93,0.96,0.82,0.83,0,0,0.9
"CZ20",2020,207,0,0,0,0,0,0,0.99,0.99,0.78,0.87,0,0,0.93
"CZ20",2020,208,0,1,0.32,0.56,0.06,0.35,0.81,0.92,0.74,0.83,0.38,0.91,0.89
"CZ20",2020,209,0,1,0.03,0.26,0,0.18,0.84,0.89,0.8,0.91,0.03,0.44,0.91
"CZ20",2020,210,0,1,0.08,0.37,0.03,0.26,0.97,0.98,0.83,0.88,0.11,0.62,0.91
"CZ20",2020,211,0,1,0,0.3,0,0.29,0.9,0.93,0.88,0.91,0.01,0.58,0.9
"CZ20",2020,212,0,0,0,0,0,0,0.97,0.98,0.91,0.94,0,0,0.92
"CZ20",2020,213,0,0,0,0,0,0,0.74,0.79,0.9,0.92,0,0,0.91
"CZ20",2020,214,1,1,0.09,0.43,0.03,0.38,0.44,0.71,0.77,0.88,0.12,0.81,0.9
"CZ20",2020,215,0,1,0.09,0.32,0.09,0.28,0.6,0.78,0.83,0.87,0.18,0.6,0.9
"CZ20",2020,216,0,0,0,0,0,0,0.67,0.81,0.86,0.9,0,0,0.91
"CZ20",2020,217,0,0,0,0,0,0,0.87,0.91,0.87,0.92,0,0,0.93
"CZ20",2020,218,0,0,0,0,0,0,0.91,0.92,0.88,0.91,0,0,0.91
"CZ20",2020,219,0,1,0.02,0.31,0,0.27,0.94,0.97,0.65,0.83,0.02,0.58,0.91
"CZ20",2020,220,0,1,0.01,0.37,0.05,0.29,0.32,0.81,0.62,0.83,0.06,0.66,0.88
"CZ20",2020,221,0,1,0.14,0.39,0,0.2,0.37,0.84,0.55,0.88,0.17,0.59,0.85
"CZ20",2020,222,0,1,0.11,0.32,0.03,0.26,0.99,0.99,0.68,0.8,0.2,0.59,0.9
"CZ20",2020,223,0,1,0.03,0.21,0,0.12,0.93,0.95,0.6,0.75,0.03,0.32,0.84
"CZ20",2020,224,0,1,0.02,0.3,0,0.24,0.96,0.96,0.63,0.75,0.02,0.54,0.86
"CZ20",2020,225,1,1,0.14,0.73,0.04,0.57,0.66,0.89,0.81,0.91,0.18,1.3,0.89
"CZ20",2020,226,1,1,0.16,0.69,0,0.64,0.59,0.84,0.68,0.85,0.16,1.33,0.88
"CZ20",2020,227,0,1,0.13,0.3,0,0.18,0.72,0.84,0.66,0.74,0.14,0.48,0.84
"CZ20",2020,228,1,1,0.11,0.25,0.03,0.19,0.87,0.94,0.51,0.62,0.17,0.44,0.88
"CZ20",2020,229,0,0,0,0,0,0,0.56,0.82,0.63,0.77,0,0,0.94
"CZ20",2020,230,0,1,0.08,0.35,0,0.2,0.97,0.98,0.63,0.74,0.08,0.55,0.89
"CZ20",2020,231,1,1,0.02,0.32,0.01,0.28,-0.08,0.66,0.71,0.8,0.05,0.6,0.88
"CZ20",2020,232,0,1,0.04,0.26,0,0.27,0.96,0.98,0.7,0.83,0.04,0.53,0.91
"CZ20",2020,233,0,1,0.3,0.59,0.07,0.48,0.78,0.92,0.72,0.86,0.41,1.07,0.91
"CZ20",2020,234,0,1,0,0.25,0,0.19,0.89,0.92,0.81,0.89,0,0.44,0.9
"CZ20",2020,235,0,1,0.2,0.4,0.04,0.3,0.76,0.81,0.77,0.83,0.3,0.7,0.79
"CZ20",2020,236,0,1,0,0.12,0,0.1,0.44,0.66,0.57,0.84,0,0.22,0.89
"CZ20",2020,237,0,0,0,0,0,0,1,1,0.84,0.84,0,0,0.88
"CZ20",2020,238,0,1,0.17,0.57,0.12,0.45,0.83,0.93,0.79,0.9,0.29,1.02,0.96
"CZ20",2020,239,0,1,0.25,0.67,0.04,0.57,0.92,0.96,0.87,0.93,0.29,1.23,0.89
"CZ20",2020,240,1,1,0.24,0.74,0.11,0.71,0.87,0.93,0.58,0.89,0.35,1.46,0.87
"CZ20",2020,241,1,1,0.22,0.72,0.13,0.67,0.94,0.96,0.63,0.83,0.35,1.39,0.87
"CZ20",2020,242,0,1,0.07,0.36,0.01,0.21,0.9,0.95,0.73,0.83,0.08,0.57,0.9
"CZ20",2020,243,0,1,0.13,0.44,0.04,0.32,0.94,0.97,0.62,0.86,0.24,0.76,0.9
"CZ20",2020,244,0,1,0.08,0.52,0.04,0.45,0.75,0.93,0.73,0.89,0.13,0.97,0.9
"CZ20",2020,245,0,1,0.2,0.61,0.22,0.6,0.97,0.98,0.85,0.88,0.42,1.2,0.86
"CZ20",2020,246,1,1,0.29,0.68,0.15,0.56,0.73,0.88,0.74,0.91,0.54,1.25,0.88
"CZ20",2020,247,0,0,0,0,0,0,0.04,0.62,0.65,0.81,0,0,0.94
"CZ20",2020,248,0,1,0.03,0.45,0.02,0.4,0.96,0.99,0.83,0.94,0.05,0.84,0.97
"CZ20",2020,249,0,0,0,0,0,0,1,1,0.97,0.97,0,0,0.98
"CZ20",2020,250,0,1,0.01,0.3,0.01,0.28,0.99,1,0.92,0.95,0.02,0.58,0.95
"CZ20",2020,251,0,1,0,0.21,0,0.16,0.82,0.93,0.77,0.86,0,0.38,0.9
"CZ20",2020,252,1,1,0.36,0.68,0.13,0.59,0.99,0.99,0.75,0.86,0.49,1.27,0.86
"CZ20",2020,253,1,1,0.21,0.55,0.07,0.5,0.35,0.73,0.65,0.81,0.37,1.05,0.8
"CZ20",2020,254,1,1,0.92,0.96,0.85,0.91,1,1,0.92,0.96,1.79,1.87,0.91
"CZ20",2020,255,0,1,0.88,0.9,0.77,0.84,0.99,0.99,0.88,0.9,1.65,1.75,0.84
"CZ20",2020,256,0,1,0.7,0.88,0.86,0.94,0.96,0.98,0.7,0.88,1.56,1.82,0.94
"CZ20",2020,257,0,1,0.97,0.97,0.92,0.92,1,1,0.97,0.97,1.89,1.89,0.92
"CZ20",2020,258,0,1,0.25,0.67,0.12,0.62,0.99,0.99,0.87,0.89,0.37,1.29,0.92
"CZ20",2020,259,0,0,0,0,0,0,1,1,0.97,0.97,0,0,0.87
"CZ20",2020,260,0,1,0,0.31,0,0.25,0.97,0.98,0.82,0.88,0,0.56,0.92
"CZ20",2020,261,0,1,0.07,0.53,0.06,0.52,0.97,0.98,0.89,0.94,0.13,1.05,0.96
"CZ20",2020,262,1,1,0.21,0.48,0.08,0.38,0.98,0.99,0.76,0.89,0.33,0.85,0.91
"CZ20",2020,263,0,1,0.16,0.42,0.07,0.25,0.93,0.97,0.76,0.89,0.23,0.67,0.89
"CZ20",2020,264,1,1,0.06,0.59,0.06,0.54,0.52,0.87,0.6,0.86,0.12,1.13,0.91
"CZ20",2020,265,0,1,0.06,0.53,0.11,0.47,0.92,0.94,0.91,0.95,0.17,1,0.94
"CZ20",2020,266,0,1,0.25,0.69,0.14,0.66,0.94,0.96,0.73,0.84,0.39,1.35,0.85
"CZ20",2020,267,0,0,0,0,0,0,0.97,0.98,0.84,0.89,0,0,0.9
"CZ20",2020,268,0,1,0.04,0.36,0.03,0.36,0.98,0.99,0.92,0.95,0.07,0.72,0.92
"CZ20",2020,269,0,1,0.24,0.73,0.06,0.65,0.95,0.97,0.74,0.86,0.3,1.38,0.86
"CZ20",2020,270,0,0,0,0,0,0,0.75,0.88,0.78,0.86,0,0,0.85
"CZ20",2020,271,0,1,0.09,0.66,0.03,0.58,0.94,0.97,0.87,0.92,0.12,1.24,0.93
"CZ20",2020,272,0,1,0.02,0.59,0.01,0.5,0.97,0.99,0.75,0.93,0.03,1.09,0.95
"CZ20",2020,273,0,0,0,0,0,0,0.99,0.99,0.8,0.84,0,0,0.95
"CZ20",2020,274,0,1,0.68,0.74,0.87,0.88,0.95,0.96,0.68,0.74,1.59,1.63,0.88
"CZ20",2020,275,0,1,0.15,0.47,0.03,0.33,0.95,0.96,0.76,0.83,0.18,0.8,0.86
"CZ20",2020,276,0,1,0.04,0.44,0.09,0.46,1,1,0.79,0.84,0.13,0.9,0.89
"CZ20",2020,277,0,1,0.09,0.42,0.04,0.36,0.98,0.99,0.75,0.86,0.21,0.78,0.92
"CZ20",2020,278,1,1,0.13,0.67,0.02,0.52,0.98,0.99,0.86,0.94,0.15,1.19,0.92
"CZ20",2020,279,0,1,0.02,0.51,0.03,0.45,0.78,0.92,0.88,0.92,0.06,0.96,0.91
"CZ20",2020,280,1,1,0.21,0.54,0.08,0.52,0.99,0.99,0.47,0.78,0.31,1.06,0.84
"CZ20",2020,281,0,0,0,0,0,0,0.92,0.96,0.85,0.88,0,0,0.93
"CZ20",2020,282,1,1,0.17,0.65,0.12,0.56,0.96,0.97,0.69,0.87,0.3,1.22,0.88
"CZ20",2020,283,0,1,0.22,0.69,0.2,0.64,0.99,0.99,0.94,0.96,0.45,1.33,0.94
"CZ20",2020,284,0,1,0.03,0.29,0,0.21,0.91,0.95,0.78,0.91,0.03,0.5,0.91
"CZ20",2020,285,0,0,0,0,0,0,1,1,0.97,0.97,0,0,0.93
"CZ20",2020,286,0,1,0.02,0.39,0.04,0.38,0.96,0.98,0.79,0.87,0.06,0.77,0.88
"CZ20",2020,287,0,1,0.3,0.57,0.07,0.37,0.97,0.98,0.78,0.87,0.37,0.94,0.84
"CZ20",2020,288,0,1,0.01,0.33,0.01,0.34,0.94,0.97,0.71,0.87,0.02,0.67,0.91
"CZ20",2020,289,0,1,0,0.42,0.02,0.37,0.99,0.99,0.76,0.89,0.02,0.79,0.87
"CZ20",2020,290,0,0,0,0,0,0,0.95,0.96,0.81,0.91,0,0,0.91
"CZ20",2020,291,0,0,0,0,0,0,1,1,0.94,0.94,0,0,0.93
"CZ20",2020,292,0,0,0,0,0,0,0.99,0.99,0.96,0.98,0,0,0.93
"CZ20",2020,293,1,1,0.1,0.37,0.08,0.4,0.98,0.99,0.46,0.64,0.19,0.78,0.81
"CZ20",2020,294,0,1,0.04,0.34,0.04,0.31,0.88,0.93,0.82,0.93,0.09,0.65,0.91
"CZ20",2020,295,0,1,0.03,0.38,0.01,0.26,0.95,0.98,0.84,0.91,0.04,0.64,0.92
"CZ20",2020,296,0,1,0.04,0.52,0.02,0.5,0.95,0.97,0.77,0.86,0.06,1.02,0.9
"CZ20",2020,297,0,1,0.04,0.32,0,0.2,0.94,0.97,0.81,0.9,0.04,0.52,0.91
"CZ20",2020,298,0,1,0,0.36,0.01,0.29,0.94,0.96,0.54,0.71,0.01,0.65,0.89
"CZ20",2020,299,1,1,0.08,0.56,0.02,0.42,-0.17,0.65,0.79,0.9,0.1,0.98,0.9
"CZ20",2020,300,0,1,0.1,0.51,0.03,0.49,0.26,0.73,0.77,0.86,0.13,1,0.88
"CZ20",2020,301,0,1,0.42,0.66,0.06,0.39,0.91,0.95,0.87,0.88,0.52,1.05,0.86
"CZ20",2020,302,0,1,0.08,0.52,0.04,0.41,0.85,0.92,0.75,0.85,0.12,0.93,0.9
"CZ20",2020,303,0,1,0.11,0.36,0.08,0.32,0.05,0.53,0.74,0.8,0.19,0.68,0.89
"CZ20",2020,304,1,1,0.01,0.42,0.03,0.32,0.63,0.84,0.57,0.82,0.04,0.74,0.9
"CZ20",2020,305,0,1,0.02,0.38,0,0.29,0.95,0.97,0.56,0.81,0.02,0.67,0.88
"CZ20",2020,306,0,1,0,0.45,0,0.41,0.64,0.86,0.69,0.9,0,0.86,0.89
"CZ20",2020,307,0,1,0.02,0.25,0.01,0.19,0.96,0.98,0.75,0.84,0.03,0.44,0.9
"CZ20",2020,308,0,0,0,0,0,0,0.95,0.96,0.69,0.78,0,0,0.85
"CZ20",2020,309,0,1,0.26,0.58,0.06,0.38,0.98,0.99,0.87,0.92,0.35,0.95,0.9
"CZ20",2020,310,0,1,0.04,0.45,0,0.3,0.78,0.92,0.76,0.91,0.06,0.75,0.93
"CZ20",2020,311,0,1,0.01,0.48,0,0.45,0.98,0.98,0.71,0.83,0.01,0.93,0.88
"CZ20",2020,312,1,1,0.15,0.43,0.06,0.32,0.92,0.96,0.83,0.92,0.23,0.75,0.91
"CZ20",2020,313,0,1,0.22,0.39,0.02,0.22,0.88,0.93,0.85,0.88,0.26,0.61,0.92
"CZ20",2020,314,0,0,0,0,0,0,0.97,0.98,0.72,0.8,0,0,0.91
"CZ20",2020,315,0,0,0,0,0,0,0.92,0.96,0.68,0.79,0,0,0.89
"CZ20",2020,316,0,0,0,0,0,0,1,1,0.74,0.79,0,0,0.89
"CZ20",2020,317,0,0,0,0,0,0,0.46,0.7,0.58,0.75,0,0,0.87
"CZ20",2020,318,0,1,0.19,0.64,0.05,0.55,0.98,0.99,0.59,0.85,0.24,1.19,0.87
"CZ20",2020,319,0,1,0.03,0.23,0,0.18,0.98,0.99,0.74,0.83,0.03,0.41,0.87
"CZ20",2020,320,0,1,0.06,0.35,0.03,0.31,0.81,0.86,0.75,0.8,0.09,0.66,0.89
"CZ20",2020,321,0,1,0.01,0.24,0.02,0.2,0.87,0.93,0.67,0.78,0.03,0.44,0.89
"CZ20",2020,322,0,1,0.03,0.26,0,0.2,0.95,0.96,0.63,0.76,0.03,0.46,0.86
"CZ20",2020,323,0,0,0,0,0,0,1,1,0.92,0.92,0,0,0.92
"CZ20",2020,324,0,1,0.01,0.33,0.04,0.37,0.96,0.96,0.85,0.91,0.11,0.7,0.94
"CZ20",2020,325,0,1,0,0.25,0,0.22,0.79,0.9,0.91,0.96,0.01,0.47,0.98
"CZ20",2020,326,0,1,0.08,0.52,0.03,0.4,0.96,0.98,0.91,0.94,0.15,0.91,0.94
"CZ20",2020,327,0,1,0.02,0.33,0,0.2,0.6,0.75,0.94,0.96,0.03,0.52,0.95
"CZ20",2020,328,0,0,0,0,0,0,0.98,0.98,0.93,0.94,0,0,0.91
"CZ20",2020,329,0,0,0,0,0,0,0.97,0.98,0.94,0.96,0,0,0.97
"CZ20",2020,330,0,0,0,0,0,0,0.55,0.55,0.86,0.9,0,0,0.93
"CZ20",2020,331,0,1,0.05,0.38,0.02,0.32,0.91,0.95,0.89,0.94,0.11,0.71,0.95
"CZ20",2020,332,0,0,0,0,0,0,0.98,0.98,0.9,0.92,0,0,0.94
"CZ20",2020,333,0,1,0.05,0.37,0.02,0.33,1,1,0.89,0.94,0.07,0.7,0.98
"CZ20",2020,334,0,0,0,0,0,0,1,1,0.97,0.97,0,0,0.95
"CZ20",2020,335,0,0,0,0,0,0,0.99,0.99,0.93,0.95,0,0,0.94
"CZ20",2020,336,0,0,0,0,0,0,1,1,0.89,0.89,0,0,0.93
"CZ20",2020,337,0,0,0,0,0,0,0.99,0.99,0.91,0.95,0,0,0.92
"CZ20",2020,338,0,0,0,0,0,0,1,1,0.78,0.81,0,0,0.87
"CZ20",2020,339,0,0,0,0,0,0,1,1,0.93,0.93,0,0,1
"CZ20",2020,340,0,0,0,0,0,0,1,1,0.88,0.88,0,0,0.97
"CZ20",2020,341,0,0,0,0,0,0,0.93,0.95,0.88,0.92,0,0,0.9
"CZ20",2020,342,0,1,0.04,0.26,0.01,0.18,0.7,0.79,0.87,0.94,0.07,0.43,0.83
"CZ20",2020,343,0,0,0,0,0,0,1,1,0.86,0.86,0,0,0.92
"CZ20",2020,344,0,1,0.07,0.29,0,0.21,0.49,0.74,0.89,0.93,0.07,0.5,0.88
"CZ20",2020,345,0,1,0,0.29,0,0.22,0.94,0.97,0.85,0.89,0,0.5,0.89
"CZ20",2020,346,1,1,0,0.34,0,0.2,0.78,0.91,0.6,0.86,0,0.53,0.89
"CZ20",2020,347,0,1,0.02,0.24,0.01,0.22,0.25,0.69,0.93,0.95,0.05,0.46,0.97
"CZ20",2020,348,0,1,0.06,0.46,0.05,0.39,0.95,0.97,0.9,0.94,0.11,0.84,0.93
"CZ20",2020,349,0,0,0,0,0,0,0.91,0.94,0.89,0.93,0,0,0.94
"CZ20",2020,350,0,1,0.05,0.31,0.02,0.2,0.86,0.93,0.79,0.89,0.07,0.51,0.9
"CZ20",2020,351,0,0,0,0,0,0,0.97,0.98,0.95,0.97,0,0,0.95
"CZ20",2020,352,0,0,0,0,0,0,0.76,0.87,0.92,0.95,0,0,0.94
"CZ20",2020,353,0,1,0.01,0.3,0.01,0.23,0.87,0.94,0.74,0.91,0.02,0.53,0.92
"CZ20",2020,354,0,1,0.09,0.44,0.02,0.36,0.96,0.98,0.82,0.87,0.12,0.8,0.91
"CZ20",2020,355,0,0,0,0,0,0,0.65,0.83,0.85,0.91,0,0,0.95
"CZ20",2020,356,0,0,0,0,0,0,0.94,0.95,0.91,0.95,0,0,0.91
"CZ20",2020,357,0,1,0,0.27,0,0.16,0.78,0.92,0.75,0.89,0,0.43,0.9
"CZ20",2020,358,1,1,0.11,0.44,0.07,0.39,0.97,0.98,0.63,0.89,0.22,0.83,0.91
"CZ20",2020,359,0,0,0,0,0,0,0.97,0.98,0.81,0.87,0,0,0.92
"CZ20",2020,360,0,0,0,0,0,0,1,1,0.85,0.85,0,0,0.87
"CZ20",2020,361,0,1,0.12,0.78,0.12,0.79,0.93,0.96,0.88,0.95,0.24,1.57,0.96
"CZ20",2020,362,0,1,0.14,0.7,0.1,0.68,0.24,0.49,0.96,0.97,0.24,1.38,0.92
"CZ20",2020,363,0,1,0.02,0.38,0.05,0.47,0.36,0.75,0.84,0.96,0.07,0.85,0.9
"CZ20",2020,364,0,1,0,0.5,0.06,0.52,0.85,0.92,0.89,0.94,0.11,1.02,0.96
"CZ20",2020,365,1,1,0.11,0.62,0.04,0.6,0.98,0.99,0.75,0.87,0.15,1.22,0.89
"CZ20",2020,366,0,1,0.06,0.42,0.11,0.46,0.99,0.99,0.84,0.86,0.17,0.88,0.86
"CZ20",2020,367,0,1,0.03,0.53,0.01,0.42,0.99,0.99,0.86,0.91,0.04,0.95,0.93
"CZ20",2020,368,1,1,0.72,0.85,0.65,0.88,0.99,0.99,0.72,0.85,1.37,1.73,0.88
"CZ20",2020,369,1,1,0.68,0.85,0.77,0.88,0.84,0.95,0.68,0.85,1.53,1.72,0.88
"CZ20",2020,370,1,1,0.66,0.73,0.85,0.89,1,1,0.66,0.73,1.51,1.62,0.89
"CZ20",2020,371,0,1,0.03,0.73,0.04,0.65,0.9,0.96,0.95,0.98,0.07,1.38,0.98
"CZ20",2020,372,0,1,0.95,0.96,0.89,0.94,0.98,0.98,0.95,0.96,1.84,1.9,0.94
"CZ20",2020,373,0,1,0.01,0.22,0,0.19,0.97,0.98,0.78,0.9,0.01,0.41,0.95
"CZ20",2020,374,0,1,0,0.39,0,0.4,0.7,0.89,0.79,0.93,0,0.79,0.92
"CZ20",2020,375,0,1,0,0.45,0.07,0.51,0.92,0.95,0.95,0.97,0.07,0.95,0.97
"CZ20",2020,376,1,1,0,0.48,0,0.43,0.54,0.85,0.42,0.91,0,0.92,0.79
"CZ20",2020,377,0,1,0.91,0.93,0.93,0.95,0.99,0.99,0.91,0.93,1.84,1.88,0.94
"CZ20",2020,378,0,1,0.93,0.93,0.93,0.93,1,1,0.93,0.93,1.86,1.86,0.93
"CZ20",2020,379,0,1,0,0.2,0,0.2,0.96,0.98,0.83,0.93,0,0.4,0.87
"CZ20",2020,380,0,1,0.27,0.77,0.15,0.74,0.95,0.98,0.8,0.93,0.42,1.52,0.94
"CZ20",2020,381,0,1,0.13,0.67,0.05,0.64,0.98,0.99,0.77,0.9,0.18,1.31,0.93
"CZ20",2020,382,1,1,0.91,0.96,0.79,0.91,0.96,0.97,0.91,0.96,1.74,1.87,0.91
"CZ20",2020,383,0,1,0.14,0.54,0.12,0.55,0.97,0.98,0.7,0.87,0.26,1.1,0.89
"CZ20",2020,384,0,1,0.35,0.64,0.12,0.51,0.98,0.99,0.84,0.93,0.48,1.15,0.95
"CZ20",2020,385,0,1,0.07,0.65,0.05,0.65,0.9,0.96,0.76,0.91,0.12,1.29,0.92
"CZ20",2020,386,0,1,0.47,0.81,0.21,0.72,0.96,0.98,0.85,0.9,0.68,1.52,0.86
"CZ20",2020,387,0,1,0.15,0.74,0.15,0.75,1,1,0.88,0.94,0.3,1.48,0.96
"CZ20",2020,388,1,1,0.24,0.71,0.11,0.77,0.98,0.99,0.65,0.81,0.35,1.48,0.89
"CZ20",2020,389,0,1,0.21,0.58,0.08,0.48,1,1,0.86,0.91,0.29,1.06,0.92
"CZ20",2020,390,0,1,0.23,0.56,0.08,0.44,0.9,0.94,0.81,0.91,0.36,1,0.89
"CZ20",2020,391,0,1,0.41,0.67,0.27,0.67,0.98,0.98,0.65,0.74,0.68,1.34,0.84
"CZ20",2020,392,0,1,0.34,0.76,0.15,0.74,0.97,0.98,0.78,0.85,0.49,1.5,0.9
"CZ20",2020,393,1,0,0,0,0,0,0.24,0.77,0.64,0.79,0,0,0.88
"CZ20",2020,394,0,1,0.06,0.5,0.02,0.39,0.9,0.96,0.83,0.93,0.08,0.89,0.92
"CZ20",2020,395,0,1,0.08,0.32,0.01,0.25,0.97,0.98,0.81,0.88,0.16,0.56,0.86
"CZ20",2020,396,0,1,0,0.2,0.04,0.22,0.82,0.91,0.65,0.77,0.07,0.42,0.86
"CZ20",2020,397,0,1,0,0.12,0,0.14,0.77,0.9,0.72,0.79,0,0.26,0.83
"CZ20",2020,398,0,1,0.12,0.68,0.13,0.67,0.95,0.98,0.7,0.86,0.29,1.35,0.9
"CZ20",2020,399,1,1,0.15,0.6,0.09,0.5,0.98,0.99,0.75,0.87,0.24,1.1,0.92
"CZ20",2020,400,1,1,0.05,0.6,0.02,0.5,0.93,0.96,0.77,0.92,0.07,1.1,0.93
"CZ20",2020,401,1,1,0.1,0.6,0.05,0.45,0.79,0.93,0.4,0.87,0.19,1.05,0.9
"CZ20",2020,402,0,1,0.33,0.72,0.29,0.68,0.99,0.99,0.75,0.89,0.62,1.41,0.93
"CZ20",2020,403,0,1,0.25,0.7,0.08,0.58,0.97,0.99,0.83,0.93,0.36,1.28,0.9
"CZ20",2020,404,0,1,0.32,0.73,0.13,0.67,0.92,0.97,0.83,0.92,0.45,1.4,0.92
"CZ20",2020,405,0,1,0.01,0.54,0.03,0.49,0.99,0.99,0.69,0.84,0.04,1.02,0.9
"CZ20",2020,406,0,1,0.82,0.83,0.77,0.82,0.99,0.99,0.82,0.83,1.59,1.65,0.82
"CZ20",2020,407,0,1,0.21,0.7,0.19,0.72,0.82,0.91,0.76,0.82,0.4,1.42,0.86
"CZ20",2020,408,0,0,0,0,0,0,0.64,0.69,0.82,0.92,0,0,0.95
"CZ20",2020,409,0,0,0,0,0,0,1,1,0.83,0.83,0,0,0.89
"CZ20",2020,410,0,0,0,0,0,0,0.63,0.75,0.83,0.89,0,0,0.93
"CZ20",2020,411,0,1,0.05,0.34,0.07,0.3,0.19,0.65,0.84,0.91,0.15,0.64,0.93
"CZ20",2020,412,0,1,0.05,0.35,0.14,0.41,0.59,0.86,0.79,0.92,0.21,0.77,0.95
"CZ20",2020,413,0,0,0,0,0,0,0.97,0.98,0.85,0.9,0,0,0.88
"CZ20",2020,414,0,0,0,0,0,0,0.92,0.92,0.83,0.89,0,0,0.87
"CZ20",2020,415,0,1,0,0.25,0,0.25,0.91,0.95,0.87,0.92,0.01,0.5,0.92
"CZ20",2020,416,0,0,0,0,0,0,0.97,0.97,0.87,0.91,0,0,0.9
"CZ20",2020,417,0,0,0,0,0,0,0.94,0.96,0.9,0.93,0,0,0.9
"CZ20",2020,418,0,1,0.22,0.72,0.14,0.7,0.98,0.99,0.77,0.84,0.36,1.42,0.87
"CZ20",2020,419,1,1,0.21,0.68,0.13,0.71,0.42,0.76,0.61,0.77,0.34,1.38,0.89
"CZ20",2020,420,0,1,0.34,0.87,0.14,0.81,0.98,0.99,0.92,0.96,0.48,1.68,0.92
"CZ20",2020,421,0,1,0.31,0.62,0.16,0.66,0.94,0.96,0.62,0.74,0.47,1.28,0.9
"CZ20",2020,422,0,1,0.1,0.57,0.06,0.56,0.57,0.82,0.69,0.83,0.16,1.13,0.86
"CZ20",2020,423,0,1,0.16,0.62,0.16,0.64,0.71,0.88,0.8,0.86,0.45,1.26,0.9
"CZ20",2020,424,0,1,0.27,0.79,0.15,0.8,0.97,0.99,0.7,0.86,0.42,1.59,0.89
"CZ20",2020,425,0,1,0.23,0.51,0.07,0.44,1,1,0.66,0.71,0.3,0.95,0.75
"CZ20",2020,426,0,1,0.72,0.81,0.87,0.91,0.84,0.93,0.72,0.81,1.59,1.72,0.91
"CZ20",2020,427,1,1,0.06,0.46,0.12,0.43,0.9,0.96,0.64,0.88,0.18,0.89,0.9
"CZ20",2020,428,1,1,0.32,0.59,0.06,0.45,0.84,0.94,0.83,0.93,0.38,1.05,0.86
"CZ20",2020,429,1,1,0.16,0.63,0.18,0.66,0.97,0.98,0.67,0.78,0.34,1.29,0.84
"CZ20",2020,430,0,1,0.12,0.56,0.09,0.47,0.85,0.93,0.79,0.87,0.24,1.04,0.88
"CZ20",2020,431,0,1,0.16,0.53,0.07,0.49,0.96,0.97,0.66,0.78,0.23,1.02,0.82
"CZ20",2020,432,0,1,0.27,0.57,0.15,0.58,0.93,0.96,0.72,0.81,0.48,1.15,0.87
"CZ20",2020,433,0,1,0.1,0.48,0.05,0.44,0.71,0.79,0.71,0.78,0.15,0.92,0.86
"CZ20",2020,434,0,1,0.01,0.28,0.02,0.26,-0.23,0.42,0.82,0.9,0.03,0.54,0.91
"CZ20",2020,435,1,1,0.09,0.42,0.03,0.32,0.65,0.84,0.82,0.9,0.12,0.73,0.91
"CZ20",2020,436,0,1,0.25,0.6,0.13,0.47,0.53,0.67,0.86,0.88,0.44,1.07,0.9
"CZ20",2020,437,0,1,0.03,0.51,0.03,0.43,0.75,0.88,0.75,0.91,0.06,0.94,0.92
"CZ20",2020,438,0,1,0.15,0.6,0.06,0.42,0.32,0.61,0.79,0.9,0.26,1.02,0.91
"CZ20",2020,439,0,1,0,0.21,0,0.22,0.97,0.98,0.71,0.78,0,0.42,0.84
"CZ20",2020,440,0,1,0.07,0.61,0.04,0.5,0.92,0.96,0.73,0.89,0.11,1.11,0.9
"CZ20",2020,441,0,1,0.12,0.34,0.05,0.27,0.8,0.87,0.8,0.86,0.17,0.61,0.86
"CZ20",2020,442,0,1,0.1,0.34,0.02,0.24,0.79,0.87,0.78,0.84,0.12,0.58,0.91
"CZ20",2020,443,0,1,0.01,0.28,0,0.24,0,0.45,0.7,0.83,0.01,0.52,0.88
"CZ20",2020,444,0,1,0.23,0.67,0.2,0.63,0.89,0.92,0.9,0.91,0.43,1.3,0.85
"CZ20",2020,445,1,1,0.07,0.69,0.03,0.67,0.75,0.92,0.69,0.88,0.13,1.36,0.89
"CZ20",2020,446,0,1,0.01,0.24,0,0.24,0.37,0.47,0.85,0.91,0.01,0.48,0.89
"CZ20",2020,447,0,1,0.04,0.5,0.03,0.49,0.95,0.95,0.96,0.96,0.07,0.98,0.95
"CZ20",2020,448,0,1,0.85,0.91,0.89,0.93,0.98,0.98,0.85,0.91,1.74,1.84,0.93
"CZ20",2020,449,0,1,0.32,0.74,0.1,0.67,0.91,0.98,0.77,0.94,0.42,1.41,0.96
"CZ20",2020,450,0,1,0.17,0.64,0.09,0.62,0.99,0.99,0.84,0.91,0.26,1.26,0.93
"CZ20",2020,451,0,1,0.94,0.94,0.97,0.97,1,1,0.94,0.94,1.91,1.92,0.97
"CZ20",2020,452,0,1,0.28,0.72,0.16,0.69,0.93,0.95,0.95,0.96,0.44,1.41,0.97
"CZ20",2020,453,0,0,0,0,0,0,0.99,0.99,0.87,0.88,0,0,0.88
"CZ20",2020,454,0,0,0,0,0,0,1,1,0.95,0.95,0,0,0.97
"CZ20",2020,455,0,0,0,0,0,0,1,1,0.94,0.94,0,0,0.94
"CZ20",2020,456,0,1,0.17,0.54,0.12,0.5,0.87,0.92,0.92,0.94,0.32,1.04,0.92
"CZ20",2020,457,0,1,0.98,0.98,0.98,0.98,1,1,0.98,0.98,1.96,1.96,0.98
"CZ20",2020,458,0,0,0,0,0,0,1,1,0.96,0.96,0,0,0.94
"CZ20",2020,459,0,1,0.02,0.48,0.01,0.47,0.99,0.99,0.94,0.94,0.03,0.94,0.94
"CZ20",2020,460,0,1,0.24,0.71,0.18,0.74,0.94,0.97,0.95,0.97,0.43,1.45,0.96
"CZ20",2020,461,0,0,0,0,0,0,1,1,0.96,0.96,0,0,0.95
"CZ20",2020,462,0,1,0.6,0.86,0.12,0.79,0.99,0.99,0.8,0.91,0.72,1.65,0.92
"CZ20",2020,463,0,1,0.2,0.7,0.13,0.62,0.96,0.97,0.82,0.93,0.4,1.32,0.92
"CZ20",2020,464,0,1,0.19,0.73,0.1,0.73,0.99,0.99,0.8,0.87,0.29,1.46,0.91
"CZ20",2020,465,1,1,0.77,0.82,0.87,0.89,0.98,0.99,0.77,0.82,1.68,1.71,0.89
"CZ20",2020,466,0,1,0.32,0.82,0.28,0.83,0.83,0.92,0.79,0.89,0.6,1.65,0.91
"CZ20",2020,467,0,1,0,0.38,0,0.43,0.94,0.95,0.78,0.88,0,0.81,0.92
"CZ20",2020,468,0,1,0.1,0.66,0.14,0.69,0.99,0.99,0.61,0.8,0.24,1.35,0.88
"CZ20",2020,469,1,1,0.11,0.47,0.04,0.44,0.88,0.95,0.55,0.82,0.15,0.92,0.92
"CZ20",2020,470,0,1,0.23,0.58,0.08,0.49,0.44,0.83,0.7,0.91,0.31,1.06,0.91
"CZ20",2020,471,1,1,0.15,0.4,0.03,0.32,0.71,0.88,0.67,0.83,0.18,0.72,0.86
"CZ20",2020,472,0,1,0.26,0.61,0.09,0.5,-0.34,0.69,0.76,0.89,0.35,1.1,0.9
"CZ20",2020,473,0,1,0.18,0.77,0.13,0.75,0.99,0.99,0.89,0.95,0.31,1.52,0.96
"CZ20",2020,474,1,1,0.07,0.5,0.08,0.45,0.39,0.83,0.79,0.9,0.15,0.95,0.91
"CZ20",2020,475,0,1,0.08,0.48,0,0.36,0.94,0.97,0.89,0.93,0.31,0.84,0.94
"CZ20",2020,476,0,1,0.19,0.48,0.06,0.35,0.92,0.95,0.9,0.93,0.25,0.83,0.93
"CZ20",2020,477,0,1,0.04,0.31,0.02,0.22,0.96,0.98,0.9,0.95,0.06,0.53,0.95
"CZ20",2020,478,0,0,0,0,0,0,0.9,0.95,0.87,0.93,0,0,0.92
"CZ20",2020,479,0,1,0.04,0.58,0.06,0.54,0.98,0.98,0.88,0.95,0.1,1.12,0.98
"CZ20",2020,480,0,0,0,0,0,0,0.96,0.97,0.79,0.89,0,0,0.87
"CZ20",2020,481,0,0,0,0,0,0,0.96,0.96,0.96,0.97,0,0,0.94
"CZ20",2020,482,0,0,0,0,0,0,0.98,0.98,0.93,0.94,0,0,0.94
"CZ20",2020,483,0,0,0,0,0,0,0.99,0.99,0.91,0.94,0,0,0.92
"CZ20",2020,484,0,0,0,0,0,0,1,1,0.97,0.97,0,0,0.94
"CZ20",2020,485,0,1,0.02,0.52,0,0.51,0.94,0.97,0.94,0.97,0.02,1.03,0.94
"CZ20",2020,486,0,1,0.11,0.56,0.02,0.39,0.9,0.95,0.84,0.93,0.13,0.95,0.93
"CZ20",2020,487,1,1,0.01,0.34,0.05,0.35,0.9,0.94,0.62,0.82,0.06,0.69,0.88
"CZ20",2020,488,0,1,0.08,0.33,0.03,0.29,0.22,0.48,0.6,0.71,0.14,0.62,0.87
"CZ20",2020,489,0,1,0.11,0.65,0.12,0.61,0.54,0.87,0.84,0.92,0.23,1.27,0.91
"CZ20",2020,490,1,1,0.1,0.57,0.01,0.33,0.54,0.89,0.86,0.93,0.11,0.89,0.88
"CZ20",2020,491,0,1,0.03,0.33,0,0.19,0.58,0.85,0.78,0.87,0.03,0.52,0.91
"CZ20",2020,492,0,1,0.07,0.37,0.01,0.25,0.47,0.73,0.71,0.84,0.08,0.62,0.92
"CZ20",2020,493,0,1,0.26,0.72,0.09,0.7,0.97,0.98,0.6,0.8,0.35,1.43,0.86
"CZ20",2020,494,0,1,0.12,0.48,0.03,0.44,0.97,0.97,0.83,0.84,0.15,0.92,0.92
"CZ20",2020,495,0,1,0.08,0.37,0.11,0.34,0.8,0.86,0.69,0.79,0.19,0.71,0.81
"CZ20",2020,496,1,1,0,0.14,0,0.18,0.94,0.96,0.63,0.79,0,0.32,0.89
"CZ20",2020,497,0,1,0.14,0.62,0.06,0.62,0.98,0.99,0.71,0.82,0.2,1.24,0.87
"CZ20",2020,498,0,1,0.02,0.25,0.02,0.24,0.94,0.96,0.62,0.74,0.04,0.5,0.89
"CZ20",2020,499,0,1,0.23,0.81,0.15,0.85,0.75,0.89,0.82,0.92,0.38,1.66,0.95
"CZ20",2020,500,0,1,0.09,0.57,0,0.54,0.46,0.73,0.84,0.92,0.09,1.12,0.92
"CZ20",2020,501,0,1,0.27,0.71,0.04,0.65,0.89,0.94,0.86,0.94,0.35,1.36,0.94
"CZ20",2020,502,0,1,0.03,0.45,0.01,0.31,0.61,0.83,0.81,0.91,0.04,0.77,0.91
"CZ20",2020,503,0,1,0,0.14,0,0.12,0.59,0.73,0.76,0.87,0,0.26,0.85
"CZ20",2020,504,0,1,0.11,0.5,0.04,0.41,-0.19,0.68,0.66,0.84,0.15,0.92,0.91
"CZ20",2020,505,0,1,0.07,0.5,0.13,0.45,0.48,0.83,0.78,0.89,0.38,0.95,0.95
"CZ20",2020,506,0,1,0.25,0.56,0.16,0.43,0.92,0.95,0.74,0.88,0.44,0.99,0.86
"CZ20",2020,507,0,0,0,0,0,0,0.96,0.97,0.96,0.97,0,0,0.94
"CZ20",2020,508,0,1,0.01,0.23,0.01,0.2,0.79,0.88,0.74,0.82,0.02,0.44,0.89
"CZ20",2020,509,0,1,0.01,0.32,0.01,0.25,0.59,0.71,0.74,0.83,0.02,0.57,0.83
"CZ20",2020,510,0,1,0.05,0.37,0.06,0.36,0.96,0.97,0.79,0.87,0.11,0.73,0.92
"CZ20",2020,511,0,1,0.1,0.46,0.02,0.35,0.82,0.91,0.79,0.88,0.12,0.81,0.86
"CZ20",2020,512,0,1,0.01,0.42,0.04,0.28,0.72,0.86,0.81,0.89,0.05,0.7,0.85
"CZ20",2020,513,0,0,0,0,0,0,0.79,0.82,0.87,0.89,0,0,0.89
"CZ20",2020,514,0,1,0,0.21,0.03,0.19,-0.39,0.51,0.79,0.9,0.11,0.4,0.9
"CZ20",2020,515,0,0,0,0,0,0,0.76,0.84,0.69,0.76,0,0,0.77
"CZ20",2020,516,1,1,0.02,0.4,0.05,0.33,-0.29,0.54,0.6,0.79,0.07,0.73,0.89
"CZ20",2020,517,0,1,0,0.36,0.04,0.46,0.79,0.89,0.87,0.91,0.04,0.82,0.92
"CZ20",2020,518,0,0,0,0,0,0,-0.1,0.38,0.58,0.81,0,0,0.88
"CZ20",2020,519,0,1,0,0.35,0.01,0.3,0.98,0.99,0.9,0.94,0.01,0.64,0.87
"CZ20",2020,520,0,1,0.09,0.38,0.04,0.28,0.86,0.91,0.81,0.83,0.16,0.66,0.87
"CZ20",2020,521,0,1,0.16,0.41,0.06,0.32,0.98,0.98,0.86,0.87,0.24,0.73,0.9
"CZ20",2020,522,0,0,0,0,0,0,0.09,0.51,0.64,0.73,0,0,0.82
"CZ20",2020,523,0,0,0,0,0,0,0.99,0.99,0.84,0.85,0,0,0.82
"CZ20",2020,524,0,1,0.1,0.63,0.07,0.6,0.95,0.96,0.84,0.88,0.17,1.23,0.88
"CZ20",2020,525,0,1,0.01,0.3,0.06,0.29,0.36,0.64,0.86,0.9,0.07,0.58,0.86
"CZ20",2020,526,0,1,0.07,0.34,0,0.16,0.78,0.88,0.81,0.85,0.11,0.51,0.88
"CZ20",2020,527,1,1,0.24,0.59,0.1,0.59,0.83,0.9,0.8,0.87,0.34,1.18,0.9
"CZ20",2020,528,0,0,0,0,0,0,0.38,0.5,0.78,0.84,0,0,0.93
"CZ20",2020,529,0,0,0,0,0,0,1,1,0.74,0.74,0,0,0.84
"CZ20",2020,530,0,1,0.02,0.24,0,0.25,0.81,0.87,0.74,0.81,0.02,0.5,0.86
"CZ20",2020,531,0,0,0,0,0,0,1,1,0.83,0.83,0,0,0.82
"CZ20",2020,532,0,0,0,0,0,0,1,1,0.99,0.99,0,0,0.88
"CZ20",2020,533,0,1,0.87,0.87,0.9,0.9,1,1,0.87,0.87,1.77,1.77,0.9
"CZ20",2020,534,0,1,0.22,0.56,0.11,0.49,0.99,0.99,0.91,0.93,0.33,1.05,0.96
"CZ20",2020,535,0,1,0.01,0.34,0.14,0.4,0.52,0.61,0.94,0.95,0.17,0.74,0.96
"CZ20",2020,536,1,1,0.09,0.67,0.01,0.54,0.9,0.97,0.91,0.97,0.1,1.22,0.98
"CZ20",2020,537,0,0,0,0,0,0,0.87,0.91,0.92,0.94,0,0,0.96
"CZ20",2020,538,0,0,0,0,0,0,0.96,0.96,0.87,0.92,0,0,0.92
"CZ20",2020,539,0,0,0,0,0,0,1,1,0.93,0.93,0,0,0.94
"CZ20",2020,540,0,1,0.14,0.48,0.05,0.36,0.98,0.99,0.89,0.93,0.19,0.84,0.92
"CZ20",2020,541,0,0,0,0,0,0,0.94,0.94,0.88,0.9,0,0,0.9
"CZ20",2020,542,0,1,0.22,0.59,0.05,0.29,0.64,0.86,0.66,0.87,0.27,0.88,0.81
"CZ20",2020,543,0,0,0,0,0,0,0.66,0.77,0.8,0.85,0,0,0.86
"CZ20",2020,544,0,1,0.28,0.72,0.09,0.59,0.87,0.95,0.63,0.9,0.37,1.31,0.89
"CZ20",2020,545,0,1,0.52,0.8,0.18,0.74,0.93,0.97,0.72,0.87,0.7,1.54,0.9
"CZ20",2020,546,0,1,0.1,0.62,0.02,0.6,0.87,0.95,0.67,0.85,0.19,1.21,0.94
"CZ20",2020,547,0,1,0.31,0.7,0.06,0.48,0.8,0.92,0.9,0.95,0.37,1.18,0.9
"CZ20",2020,548,1,1,0.09,0.4,0.08,0.41,0.87,0.91,0.75,0.86,0.2,0.8,0.88
"CZ20",2020,549,0,0,0,0,0,0,0.91,0.96,0.55,0.68,0,0,0.83
"CZ20",2020,550,1,1,0.04,0.14,0.01,0.16,0.95,0.97,0.52,0.68,0.05,0.3,0.85
"CZ20",2020,551,1,1,0.19,0.51,0.03,0.42,0.94,0.98,0.54,0.76,0.37,0.93,0.86
"CZ20",2020,552,1,1,0.01,0.14,0,0.14,-0.28,0.48,0.45,0.58,0.01,0.27,0.81
"CZ20",2020,553,0,1,0.15,0.53,0.05,0.44,0.9,0.91,0.69,0.85,0.2,0.96,0.89
"CZ20",2020,554,0,0,0,0,0,0,0.92,0.95,0.53,0.73,0,0,0.8
"CZ20",2020,555,1,1,0.14,0.56,0.09,0.55,0.68,0.9,0.77,0.86,0.23,1.11,0.89
"CZ20",2020,556,0,1,0.23,0.62,0.08,0.54,0.72,0.8,0.73,0.8,0.31,1.16,0.84
"CZ20",2020,557,0,0,0,0,0,0,0.47,0.65,0.85,0.87,0,0,0.9
"CZ20",2020,558,0,1,0.89,0.92,0.83,0.87,1,1,0.89,0.92,1.72,1.79,0.87
"CZ20",2020,559,0,1,0.9,0.92,0.96,0.96,0.99,0.99,0.9,0.92,1.86,1.88,0.96
"CZ20",2020,560,0,1,0.03,0.48,0.07,0.52,1,1,0.83,0.9,0.1,1.01,0.96
"CZ20",2020,561,0,1,0.93,0.98,0.94,0.98,0.97,0.99,0.93,0.98,1.87,1.96,0.98
"CZ20",2020,562,0,1,0.87,0.92,0.95,0.96,1,1,0.87,0.92,1.82,1.87,0.96
"CZ20",2020,563,0,0,0,0,0,0,1,1,0.96,0.96,0,0,0.96
"CZ20",2020,564,0,1,0.03,0.31,0.05,0.23,0.95,0.96,0.61,0.8,0.08,0.54,0.89
"CZ20",2020,565,1,1,0.09,0.42,0.01,0.23,-0.44,0.32,0.73,0.85,0.1,0.64,0.86
"CZ20",2020,566,0,1,0.03,0.47,0,0.31,0.69,0.88,0.83,0.92,0.04,0.78,0.89
"CZ20",2020,567,0,1,0.02,0.35,0.02,0.31,0.31,0.75,0.66,0.84,0.04,0.65,0.92
"CZ20",2020,568,0,0,0,0,0,0,0.94,0.94,0.72,0.78,0,0,0.92
"CZ20",2020,569,0,1,0.08,0.44,0.05,0.39,0.84,0.95,0.56,0.88,0.15,0.83,0.91
"CZ20",2020,570,0,0,0,0,0,0,0.86,0.9,0.83,0.88,0,0,0.92
"CZ20",2020,571,0,0,0,0,0,0,0.86,0.95,0.66,0.84,0,0,0.9
"CZ20",2020,572,0,1,0.05,0.44,0.05,0.38,0.99,0.99,0.78,0.91,0.1,0.82,0.91
"CZ20",2020,573,0,1,0.19,0.62,0.06,0.58,0.97,0.98,0.62,0.86,0.25,1.21,0.89
"CZ20",2020,574,0,1,0.08,0.41,0,0.25,0.92,0.97,0.8,0.89,0.09,0.66,0.83
"CZ20",2020,575,0,0,0,0,0,0,1,1,0.86,0.89,0,0,0.9
"CZ20",2020,576,0,1,0.43,0.8,0.23,0.76,0.98,0.99,0.79,0.89,0.66,1.56,0.89
"CZ20",2020,577,0,1,0.84,0.86,0.9,0.9,0.98,0.98,0.84,0.86,1.74,1.76,0.9
"CZ20",2020,578,0,0,0,0,0,0,0.98,0.98,0.93,0.95,0,0,0.95
"CZ20",2020,579,0,1,0.2,0.46,0.01,0.31,0.93,0.95,0.93,0.96,0.22,0.77,0.91
"CZ20",2020,580,0,1,0.03,0.5,0.01,0.46,0.84,0.84,0.94,0.96,0.04,0.96,0.91
"CZ20",2020,581,0,1,0,0.36,0.07,0.38,0.92,0.93,0.93,0.94,0.07,0.75,0.93
"CZ20",2020,582,0,1,0,0.33,0,0.34,0.94,0.95,0.91,0.94,0,0.66,0.96
"CZ20",2020,583,0,0,0,0,0,0,0.78,0.78,0.87,0.89,0,0,0.92
"CZ20",2020,584,1,1,0.07,0.53,0.03,0.56,0.17,0.29,0.65,0.74,0.1,1.09,0.87
"CZ20",2020,585,1,1,0.59,0.8,0.82,0.92,-0.06,0.35,0.59,0.8,1.44,1.71,0.92
"CZ20",2020,586,1,1,0.41,0.68,0.14,0.75,-0.19,0.28,0.57,0.73,0.55,1.43,0.83
"CZ20",2020,587,1,1,0.52,0.67,0.7,0.79,0.33,0.47,0.52,0.67,1.22,1.46,0.79
"CZ20",2020,588,1,1,0.4,0.64,0.31,0.75,-0.14,0.59,0.45,0.78,0.71,1.39,0.86
"CZ20",2020,589,1,1,0.43,0.76,0.22,0.75,0.1,0.52,0.75,0.87,0.65,1.52,0.92
"CZ20",2020,590,1,1,0.16,0.78,0.01,0.69,-0.26,0.55,0.65,0.91,0.2,1.47,0.87
"CZ20",2020,591,1,1,0.14,0.73,0.02,0.75,-0.27,0.4,0.74,0.87,0.27,1.48,0.92
"CZ20",2020,592,0,0,0,0,0,0,1,1,0.95,0.95,0,0,0.82
"CZ20",2020,593,0,0,0,0,0,0,1,1,0.97,0.97,0,0,0.93
